site,submission,score,provenance,status,source_url,notes
GEMSDOE,gems-submission-20260925T001403Z-7f00890a,0.1563,user brief,user-reported; not independently authenticated,https://buffedlizard55-lab.github.io/GEMSDOE/docs/index.html,
6GEMSDOE,gems6_hgb88-topk03_33cec71ff0,0.0286,user brief,user-reported; not independently authenticated,https://buffedlizard55-lab.github.io/6GEMSDOE/,
GEMSDOE3,pindrop-v4-nodes-20260925T152420Z-f347b70daa,0.1193,user brief,user-reported; not independently authenticated,https://buffedlizard55-lab.github.io/GEMSDOE3/docs/index.html,
GEMSDOE3,pindrop-v4-discovery-20260925T152423Z-37f9d5b855,0.0830,user brief,user-reported; not independently authenticated,https://buffedlizard55-lab.github.io/GEMSDOE3/docs/index.html,
GEMSDOE3,pindrop-v4-ridge-20260925T152422Z-4e03fc9705,0.1152,user brief,user-reported; not independently authenticated,https://buffedlizard55-lab.github.io/GEMSDOE3/docs/index.html,
GEMSDOE2,gemsdoe2-dual-family-union-20260925T160406Z-f68e590f,0.1560,user brief,user-reported; not independently authenticated,https://buffedlizard55-lab.github.io/GEMSDOE2/docs/index.html,
GEMSDOE4,gems-submission-20260926T163915Z-237f0063,0.0343,user brief,user-reported; not independently authenticated,https://buffedlizard55-lab.github.io/GEMSDOE4/,
5GEMSDOE,gems-submission-20260926T175114Z-7f00890a,0.1563,user brief,user-reported; not independently authenticated,https://buffedlizard55-lab.github.io/5GEMSDOE/docs/index.html,
7GEMSDOE,lidarscarp-ridge-top2pct-36c3a3f341c8,0.1461,user brief,user-reported; not independently authenticated,https://buffedlizard55-lab.github.io/7GEMSDOE/,
8GEMSDOE,Hedge-v2_submission,0.1563,user brief,user-reported; not independently authenticated,https://buffedlizard55-lab.github.io/8GEMSDOE/,
GEMSDOE9,2314b599,0.0107,user brief,user-reported; not independently authenticated,https://buffedlizard55-lab.github.io/GEMSDOE9/docs/index.html,
11GEMSDOE,gems-structural-area06-v1,0.0202,user brief,user-reported; not independently authenticated,https://buffedlizard55-lab.github.io/11GEMSDOE/docs/index.html,
12GEMSDOE,r7-nms3-dem10-scarp_0c9199f14e62,0.1294,user brief,user-reported; not independently authenticated,https://buffedlizard55-lab.github.io/12GEMSDOE/docs/index.html,
12GEMSDOE,r7-nms3-dem10-scarp_0c9199f14e62_allfinite,0.1294,user brief,user-reported; not independently authenticated,https://buffedlizard55-lab.github.io/12GEMSDOE/docs/index.html,
15GEMSDOE,gems-tso1-20260929T005627Z-conj_alteration_mag,0.0782,user brief,user-reported; not independently authenticated,https://buffedlizard55-lab.github.io/15GEMSDOE/docs/index.html,
14GEMSDOE,GEMS_r5-geom-horse-ensemble_20260929T154852Z_ccbe1de0_site_e96e942f,0.0020,user brief,user-reported; not independently authenticated,https://buffedlizard55-lab.github.io/14GEMSDOE/docs/index.html,
17GEMSDOE,17GEMSDOE_F-ensemble-2pct_20260930T050626Z,0.0187,user brief,user-reported; not independently authenticated,https://buffedlizard55-lab.github.io/17GEMSDOE/,
18GEMSDOE,H19-C_20260930T212401Z_c11e495e,0.0297,user brief,user-reported; not independently authenticated,https://buffedlizard55-lab.github.io/18GEMSDOE/,
19GEMSDOE,h19-4-multiline-corroborated-openness-thermal-pop-20260930-691e4dfa-nan,0.1894,user brief,user-reported; not independently authenticated,https://buffedlizard55-lab.github.io/19GEMSDOE/docs/index.html,
19GEMSDOE,h19-5-powerlaw-budget-multiline-corroborated-20260930-e27054cf-nan,0.1922,user brief,user-reported; not independently authenticated,https://buffedlizard55-lab.github.io/19GEMSDOE/docs/index.html,
GEMSDOE10,h16-continuation-20260927T065521077735Z-3431b83c7c,0.0461,user brief,user-reported; not independently authenticated,https://buffedlizard55-lab.github.io/GEMSDOE10/,
GEMSDOE10,h20-dem10-scarp-thin-20260927T155223039488Z-ffc91a1686,0.0921,user brief,user-reported; not independently authenticated,https://buffedlizard55-lab.github.io/GEMSDOE10/,
GEMSDOE10,H25-ctx-ridge-20260927T232947704150Z-6452ae1d00,0.1280,user brief,user-reported; not independently authenticated,https://buffedlizard55-lab.github.io/GEMSDOE10/,
GEMSDOE10,h28-dotted-ridge-20260928T020256236880Z-6452ae1d00,0.1839,user brief,user-reported; not independently authenticated,https://buffedlizard55-lab.github.io/GEMSDOE10/,
13GEMSDOE,20261001_r13-lattice-s5_v2_nan-outside,0.0904,user brief,user-reported; not independently authenticated,https://buffedlizard55-lab.github.io/13GEMSDOE/,
16GEMSDOE,h16-1-topo-geophys-baseline-ridges-20260930-df20f65e-nan,0.1855,user brief,user-reported; not independently authenticated,https://buffedlizard55-lab.github.io/16GEMSDOE/docs/index.html,
16GEMSDOE,h18-3a-topo-geophys-x-complexity-prior-20260930-c502dfab-nan,0.0976,user brief,user-reported; not independently authenticated,https://buffedlizard55-lab.github.io/16GEMSDOE/docs/index.html,
16GEMSDOE,h18-4-usgs-geologic-map-faults-gap-20260930-aef8f42c-nan,0.0360,user brief,user-reported; not independently authenticated,https://buffedlizard55-lab.github.io/16GEMSDOE/docs/index.html,
21GEMSDOE,h19-4-reference-20260930-691e4dfa,0.1894,user brief,user-reported; not independently authenticated,https://buffedlizard55-lab.github.io/GEMSDOE21/,
20GEMSDOE,h20-1-sarnnpu-powerlaw-pi0363-tilt-wingcrack-20260930-be0e8f6b-nan,0.1890,user brief,user-reported; not independently authenticated,https://buffedlizard55-lab.github.io/20GEMSDOE/docs/index.html,
20GEMSDOE,h20-5-continuous-pu-proxy-unverified-20260930-824ce73a-nan,0.1859,user brief,user-reported; not independently authenticated,https://buffedlizard55-lab.github.io/20GEMSDOE/docs/index.html,
GEMSDOE22,h23-a-dti-optimal-emission-6pct-20261002-e2ec4b49-nan,0.1002,user brief,user-reported; not independently authenticated,https://buffedlizard55-lab.github.io/GEMSDOE22/docs/index.html,
GEMSDOE22,h23-b-dti-optimal-emission-10pct-20261002-86176698-nan,0.0748,user brief,user-reported; not independently authenticated,https://buffedlizard55-lab.github.io/GEMSDOE22/docs/index.html,
GEMSDOE23,h30-arrangement-matched-habitat-20261002-0d4e02e8-nan,0.1352,user brief,user-reported; not independently authenticated,https://buffedlizard55-lab.github.io/GEMSDOE23/,
GEMSDOE24,h25-1-dotted-h19-5-d1-5-20261002-989f59505db1-nan,0.2477,user brief; owner page also reports anchor,attribution not authenticated; owner-reported,https://buffedlizard55-lab.github.io/GEMSDOE24/,
GEMSDOE25,dotted-h19-5-d2-8-20261002-e56ea318af89-nan,0.2600,user brief,user-reported; conflicting owner page says unscored/not slot-approved,https://buffedlizard55-lab.github.io/GEMSDOE25/,
GEMSDOE26,dilcond-oof-v1-20261003-47629f496133-nan,0.1223,user brief,user-reported; not independently authenticated,https://buffedlizard55-lab.github.io/GEMSDOE26/,
GEMSDOE27,topo-gap-closure-t-v2-on-d1-5-20261002-5512495c6bd1-nan,0.2449,user brief,user-reported; not independently authenticated,https://buffedlizard55-lab.github.io/GEMSDOE27/,
DrivenData leaderboard,DARD public best,0.3195,official page read 2026-10-03,verified snapshot; dynamic,https://www.drivendata.org/competitions/306/competition-doe-gems/leaderboard/,Rank 1 on the page at review time; no private score implied
DrivenData leaderboard,wbg1 public entry,0.2600,official page read 2026-10-03,verified snapshot; file attribution unknown,https://www.drivendata.org/competitions/306/competition-doe-gems/leaderboard/,Rank 15 on the page at review time; not matched to the GEMSDOE25 TIFF
